{"cameraMode":{"drawMode":0,"name":"Shaded","section":"Shading Mode"},"sceneLighting":false,"audioPlay":false,"sceneViewState":{"m_AlwaysRefresh":false,"showFog":true,"showSkybox":false,"showFlares":true,"showImageEffects":true,"showParticleSystems":true,"showVisualEffectGraphs":true,"m_FxEnabled":true},"in2DMode":false,"pivot":{"x":-44.01433563232422,"y":-1.2470035552978516,"z":-18.49768829345703},"rotation":{"x":-0.24818775057792664,"y":-0.002327446360141039,"z":0.0005962700815871358,"w":-0.9687092304229736},"size":2.1606616973876955,"orthographic":false}